Id,First name,Last name,Full name,Language,Gender
1,Aidan,Hunt,Aidan Hunt,English (United Kingdom),Male
2,Amelie,Garner,Amelie Garner,English (United Kingdom),Female
3,Archie,Boyle,Archie Boyle,English (United Kingdom),Male
4,Courtney,Lynch,Courtney Lynch,English (United Kingdom),Female
5,Angel,Brown,Angel Brown,English (United Kingdom),Gender neutral
6,Abbi,Atkins,Abbi Atkins,English (United Kingdom),Female
7,Ethan,Brooks,Ethan Brooks,English (United Kingdom),Male
8,Grace,Owens,Grace Owens,English (United Kingdom),Female
9,Evan,Lewis,Evan Lewis,English (United Kingdom),Male
10,Hannah,Haynes,Hannah Haynes,English (United Kingdom),Female
11,Gabriel,Woods,Gabriel Woods,English (United Kingdom),Male
12,Hayden,Lopez,Hayden Lopez,English (United Kingdom),Gender neutral
13,Hollie,Rees,Hollie Rees,English (United Kingdom),Female
14,Isaac,Talbot,Isaac Talbot,English (United Kingdom),Male
15,Jennifer,Wilkins,Jennifer Wilkins,English (United Kingdom),Female
16,Liam,Small,LIam Small,English (United Kingdom),Male
17,Libby,Harrison,Libby Harrison,English (United Kingdom),Female
18,Mia,Steele,Mia Steele,English (United Kingdom),Female
19,Parker,Jones,Parker Jones,English (United Kingdom),Gender neutral
20,Peyton,Davis,Peyton Davis,English (United Kingdom),Gender neutral
21,Quinn,Anderson,Quinn Anderson,English (United Kingdom),Gender neutral
22,Riley,Johnson,Riley Johnson,English (United Kingdom),Gender neutral
23,Sonia,Rees,Sonia Rees,English (United Kingdom),Female
24,William,Kirby,William Kirby,English (United Kingdom),Male
